{
  "test_accuracy": 0.8558736426456071,
  "test_precision": 0.5563636363636364,
  "test_recall": 0.864406779661017,
  "test_f1": 0.6769911504424779,
  "test_roc_auc": 0.9253777741734923
}